Serial, Section, Task
25.785626,14.826305,14.575597