Serial, Section, Task
8.905467,2.648314,3.174522