Serial, Section, Task
6.174996,2.442653,3.673173